,timestamp,product_id
0,2021-05-17_08-12-48,P3.2.500
1,2021-05-17_08-12-51,P3.2.501
2,2021-05-17_08-12-54,P3.2.502
3,2021-05-17_08-12-57,P3.2.503
4,2021-05-17_08-13-00,P3.2.504
5,2021-05-17_08-13-03,P3.2.505
6,2021-05-17_08-13-06,P3.2.506
7,2021-05-17_08-13-09,P3.2.507
8,2021-05-17_08-13-12,P3.2.508
9,2021-05-17_08-13-15,P3.2.509
10,2021-05-17_08-13-18,P3.2.510
11,2021-05-17_08-13-21,P3.2.511
12,2021-05-17_08-13-24,P3.2.512
13,2021-05-17_08-13-27,P3.2.513
14,2021-05-17_08-13-30,P3.2.514
15,2021-05-17_08-13-33,P3.2.515
16,2021-05-17_08-13-36,P3.2.516
17,2021-05-17_08-13-39,P3.2.517
18,2021-05-17_08-13-42,P3.2.518
19,2021-05-17_08-13-45,P3.2.519
20,2021-05-17_08-13-48,P3.2.520
21,2021-05-17_08-13-51,P3.2.521
22,2021-05-17_08-13-54,P3.2.522
23,2021-05-17_08-13-57,P3.2.523
24,2021-05-17_08-14-00,P3.2.524
25,2021-05-17_08-14-03,P3.2.525
26,2021-05-17_08-14-06,P3.2.526
27,2021-05-17_08-14-09,P3.2.527
28,2021-05-17_08-14-12,P3.2.528
29,2021-05-17_08-14-15,P3.2.529
30,2021-05-17_08-14-18,P3.2.530
31,2021-05-17_08-14-21,P3.2.531
32,2021-05-17_08-14-24,P3.2.532
33,2021-05-17_08-14-27,P3.2.533
34,2021-05-17_08-14-30,P3.2.534
35,2021-05-17_08-14-33,P3.2.535
36,2021-05-17_08-14-36,P3.2.536
37,2021-05-17_08-14-39,P3.2.537
38,2021-05-17_08-14-42,P3.2.538
39,2021-05-17_08-14-45,P3.2.539
40,2021-05-17_08-14-48,P3.2.540
41,2021-05-17_08-14-51,P3.2.541
42,2021-05-17_08-14-54,P3.2.542
43,2021-05-17_08-14-57,P3.2.543
44,2021-05-17_08-15-00,P3.2.544
45,2021-05-17_08-15-03,P3.2.545
46,2021-05-17_08-15-06,P3.2.546
47,2021-05-17_08-15-09,P3.2.547
48,2021-05-17_08-15-12,P3.2.548
49,2021-05-17_08-15-15,P3.2.549
50,2021-05-17_08-15-18,P3.2.550
51,2021-05-17_08-15-21,P3.2.551
52,2021-05-17_08-15-24,P3.2.552
53,2021-05-17_08-15-27,P3.2.553
54,2021-05-17_08-15-30,P3.2.554
55,2021-05-17_08-15-33,P3.2.555
56,2021-05-17_08-15-36,P3.2.556
57,2021-05-17_08-15-39,P3.2.557
58,2021-05-17_08-15-42,P3.2.558
59,2021-05-17_08-15-45,P3.2.559
60,2021-05-17_08-15-48,P3.2.560
61,2021-05-17_08-15-51,P3.2.561
62,2021-05-17_08-15-54,P3.2.562
63,2021-05-17_08-15-57,P3.2.563
64,2021-05-17_08-16-00,P3.2.564
65,2021-05-17_08-16-03,P3.2.565
66,2021-05-17_08-16-06,P3.2.566
67,2021-05-17_08-16-09,P3.2.567
68,2021-05-17_08-16-12,P3.2.568
69,2021-05-17_08-16-15,P3.2.569
70,2021-05-17_08-16-18,P3.2.570
71,2021-05-17_08-16-21,P3.2.571
72,2021-05-17_08-16-24,P3.2.572
73,2021-05-17_08-16-27,P3.2.573
74,2021-05-17_08-16-30,P3.2.574
75,2021-05-17_08-16-33,P3.2.575
76,2021-05-17_08-16-36,P3.2.576
77,2021-05-17_08-16-39,P3.2.577
78,2021-05-17_08-16-42,P3.2.578
79,2021-05-17_08-16-45,P3.2.579
80,2021-05-17_08-16-48,P3.2.580
81,2021-05-17_08-16-51,P3.2.581
82,2021-05-17_08-16-54,P3.2.582
83,2021-05-17_08-16-57,P3.2.583
84,2021-05-17_08-17-00,P3.2.584
85,2021-05-17_08-17-03,P3.2.585
86,2021-05-17_08-17-06,P3.2.586
87,2021-05-17_08-17-09,P3.2.587
88,2021-05-17_08-17-12,P3.2.588
89,2021-05-17_08-17-15,P3.2.589
90,2021-05-17_08-17-18,P3.2.590
91,2021-05-17_08-17-21,P3.2.591
92,2021-05-17_08-17-24,P3.2.592
93,2021-05-17_08-17-27,P3.2.593
94,2021-05-17_08-17-30,P3.2.594
95,2021-05-17_08-17-33,P3.2.595
96,2021-05-17_08-17-36,P3.2.596
97,2021-05-17_08-17-39,P3.2.597
98,2021-05-17_08-17-42,P3.2.598
99,2021-05-17_08-17-45,P3.2.599
100,2021-05-17_08-17-48,P3.2.600
101,2021-05-17_08-17-51,P3.2.601
102,2021-05-17_08-17-54,P3.2.602
103,2021-05-17_08-17-57,P3.2.603
104,2021-05-17_08-18-00,P3.2.604
105,2021-05-17_08-18-03,P3.2.605
106,2021-05-17_08-18-06,P3.2.606
107,2021-05-17_08-18-09,P3.2.607
108,2021-05-17_08-18-12,P3.2.608
109,2021-05-17_08-18-15,P3.2.609
110,2021-05-17_08-18-18,P3.2.610
111,2021-05-17_08-18-21,P3.2.611
112,2021-05-17_08-18-24,P3.2.612
113,2021-05-17_08-18-27,P3.2.613
114,2021-05-17_08-18-30,P3.2.614
115,2021-05-17_08-18-33,P3.2.615
116,2021-05-17_08-18-36,P3.2.616
117,2021-05-17_08-18-39,P3.2.617
118,2021-05-17_08-18-42,P3.2.618
119,2021-05-17_08-18-45,P3.2.619
120,2021-05-17_08-18-48,P3.2.620
121,2021-05-17_08-18-51,P3.2.621
122,2021-05-17_08-18-54,P3.2.622
123,2021-05-17_08-18-57,P3.2.623
124,2021-05-17_08-19-00,P3.2.624
125,2021-05-17_08-19-03,P3.2.625
126,2021-05-17_08-19-06,P3.2.626
127,2021-05-17_08-19-09,P3.2.627
128,2021-05-17_08-19-12,P3.2.628
129,2021-05-17_08-19-15,P3.2.629
130,2021-05-17_08-19-18,P3.2.630
131,2021-05-17_08-19-21,P3.2.631
132,2021-05-17_08-19-24,P3.2.632
133,2021-05-17_08-19-27,P3.2.633
134,2021-05-17_08-19-30,P3.2.634
135,2021-05-17_08-19-33,P3.2.635
136,2021-05-17_08-19-36,P3.2.636
137,2021-05-17_08-19-39,P3.2.637
138,2021-05-17_08-19-42,P3.2.638
139,2021-05-17_08-19-45,P3.2.639
140,2021-05-17_08-19-48,P3.2.640
141,2021-05-17_08-19-51,P3.2.641
142,2021-05-17_08-19-54,P3.2.642
143,2021-05-17_08-19-57,P3.2.643
144,2021-05-17_08-20-00,P3.2.644
145,2021-05-17_08-20-03,P3.2.645
146,2021-05-17_08-20-06,P3.2.646
147,2021-05-17_08-20-09,P3.2.647
148,2021-05-17_08-20-12,P3.2.648
149,2021-05-17_08-20-15,P3.2.649
150,2021-05-17_08-20-18,P3.2.650
151,2021-05-17_08-20-21,P3.2.651
152,2021-05-17_08-20-24,P3.2.652
153,2021-05-17_08-20-27,P3.2.653
154,2021-05-17_08-20-30,P3.2.654
155,2021-05-17_08-20-33,P3.2.655
156,2021-05-17_08-20-36,P3.2.656
157,2021-05-17_08-20-39,P3.2.657
158,2021-05-17_08-20-42,P3.2.658
159,2021-05-17_08-20-45,P3.2.659
160,2021-05-17_08-20-48,P3.2.660
161,2021-05-17_08-20-51,P3.2.661
162,2021-05-17_08-20-54,P3.2.662
163,2021-05-17_08-20-57,P3.2.663
164,2021-05-17_08-21-00,P3.2.664
165,2021-05-17_08-21-03,P3.2.665
166,2021-05-17_08-21-06,P3.2.666
167,2021-05-17_08-21-09,P3.2.667
168,2021-05-17_08-21-12,P3.2.668
169,2021-05-17_08-21-15,P3.2.669
170,2021-05-17_08-21-18,P3.2.670
171,2021-05-17_08-21-21,P3.2.671
172,2021-05-17_08-21-24,P3.2.672
173,2021-05-17_08-21-27,P3.2.673
174,2021-05-17_08-21-30,P3.2.674
175,2021-05-17_08-21-33,P3.2.675
176,2021-05-17_08-21-36,P3.2.676
177,2021-05-17_08-21-39,P3.2.677
178,2021-05-17_08-21-42,P3.2.678
179,2021-05-17_08-21-45,P3.2.679
180,2021-05-17_08-21-48,P3.2.680
181,2021-05-17_08-21-51,P3.2.681
182,2021-05-17_08-21-54,P3.2.682
183,2021-05-17_08-21-57,P3.2.683
184,2021-05-17_08-22-00,P3.2.684
185,2021-05-17_08-22-03,P3.2.685
186,2021-05-17_08-22-06,P3.2.686
187,2021-05-17_08-22-09,P3.2.687
188,2021-05-17_08-22-12,P3.2.688
189,2021-05-17_08-22-15,P3.2.689
190,2021-05-17_08-22-18,P3.2.690
191,2021-05-17_08-22-21,P3.2.691
192,2021-05-17_08-22-24,P3.2.692
193,2021-05-17_08-22-27,P3.2.693
194,2021-05-17_08-22-30,P3.2.694
195,2021-05-17_08-22-33,P3.2.695
196,2021-05-17_08-22-36,P3.2.696
197,2021-05-17_08-22-39,P3.2.697
198,2021-05-17_08-22-42,P3.2.698
199,2021-05-17_08-22-45,P3.2.699
200,2021-05-17_08-22-48,P3.2.700
201,2021-05-17_08-22-51,P3.2.701
202,2021-05-17_08-22-54,P3.2.702
203,2021-05-17_08-22-57,P3.2.703
204,2021-05-17_08-23-00,P3.2.704
205,2021-05-17_08-23-03,P3.2.705
206,2021-05-17_08-23-06,P3.2.706
207,2021-05-17_08-23-09,P3.2.707
208,2021-05-17_08-23-12,P3.2.708
209,2021-05-17_08-23-15,P3.2.709
210,2021-05-17_08-23-18,P3.2.710
211,2021-05-17_08-23-21,P3.2.711
212,2021-05-17_08-23-24,P3.2.712
213,2021-05-17_08-23-27,P3.2.713
214,2021-05-17_08-23-30,P3.2.714
215,2021-05-17_08-23-33,P3.2.715
216,2021-05-17_08-23-36,P3.2.716
217,2021-05-17_08-23-39,P3.2.717
218,2021-05-17_08-23-42,P3.2.718
219,2021-05-17_08-23-45,P3.2.719
220,2021-05-17_08-23-48,P3.2.720
221,2021-05-17_08-23-51,P3.2.721
222,2021-05-17_08-23-54,P3.2.722
223,2021-05-17_08-23-57,P3.2.723
224,2021-05-17_08-24-00,P3.2.724
225,2021-05-17_08-24-03,P3.2.725
226,2021-05-17_08-24-06,P3.2.726
227,2021-05-17_08-24-09,P3.2.727
228,2021-05-17_08-24-12,P3.2.728
229,2021-05-17_08-24-15,P3.2.729
230,2021-05-17_08-24-18,P3.2.730
231,2021-05-17_08-24-21,P3.2.731
232,2021-05-17_08-24-24,P3.2.732
233,2021-05-17_08-24-27,P3.2.733
234,2021-05-17_08-24-30,P3.2.734
235,2021-05-17_08-24-33,P3.2.735
236,2021-05-17_08-24-36,P3.2.736
237,2021-05-17_08-24-39,P3.2.737
238,2021-05-17_08-24-42,P3.2.738
239,2021-05-17_08-24-45,P3.2.739
240,2021-05-17_08-24-48,P3.2.740
241,2021-05-17_08-24-51,P3.2.741
242,2021-05-17_08-24-54,P3.2.742
243,2021-05-17_08-24-57,P3.2.743
244,2021-05-17_08-25-00,P3.2.744
245,2021-05-17_08-25-03,P3.2.745
246,2021-05-17_08-25-06,P3.2.746
247,2021-05-17_08-25-09,P3.2.747
248,2021-05-17_08-25-12,P3.2.748
249,2021-05-17_08-25-15,P3.2.749
250,2021-05-17_08-25-18,P3.2.750
251,2021-05-17_08-25-21,P3.2.751
252,2021-05-17_08-25-24,P3.2.752
253,2021-05-17_08-25-27,P3.2.753
254,2021-05-17_08-25-30,P3.2.754
255,2021-05-17_08-25-33,P3.2.755
256,2021-05-17_08-25-36,P3.2.756
257,2021-05-17_08-25-39,P3.2.757
258,2021-05-17_08-25-42,P3.2.758
259,2021-05-17_08-25-45,P3.2.759
260,2021-05-17_08-25-48,P3.2.760
261,2021-05-17_08-25-51,P3.2.761
262,2021-05-17_08-25-54,P3.2.762
263,2021-05-17_08-25-57,P3.2.763
264,2021-05-17_08-26-00,P3.2.764
265,2021-05-17_08-26-03,P3.2.765
266,2021-05-17_08-26-06,P3.2.766
267,2021-05-17_08-26-09,P3.2.767
268,2021-05-17_08-26-12,P3.2.768
269,2021-05-17_08-26-15,P3.2.769
270,2021-05-17_08-26-18,P3.2.770
271,2021-05-17_08-26-21,P3.2.771
272,2021-05-17_08-26-24,P3.2.772
273,2021-05-17_08-26-27,P3.2.773
274,2021-05-17_08-26-30,P3.2.774
275,2021-05-17_08-26-33,P3.2.775
276,2021-05-17_08-26-36,P3.2.776
277,2021-05-17_08-26-39,P3.2.777
278,2021-05-17_08-26-42,P3.2.778
279,2021-05-17_08-26-45,P3.2.779
280,2021-05-17_08-26-48,P3.2.780
281,2021-05-17_08-26-51,P3.2.781
282,2021-05-17_08-26-54,P3.2.782
283,2021-05-17_08-26-57,P3.2.783
284,2021-05-17_08-27-00,P3.2.784
285,2021-05-17_08-27-03,P3.2.785
286,2021-05-17_08-27-06,P3.2.786
287,2021-05-17_08-27-09,P3.2.787
288,2021-05-17_08-27-12,P3.2.788
289,2021-05-17_08-27-15,P3.2.789
290,2021-05-17_08-27-18,P3.2.790
291,2021-05-17_08-27-21,P3.2.791
292,2021-05-17_08-27-24,P3.2.792
293,2021-05-17_08-27-27,P3.2.793
294,2021-05-17_08-27-30,P3.2.794
295,2021-05-17_08-27-33,P3.2.795
296,2021-05-17_08-27-36,P3.2.796
297,2021-05-17_08-27-39,P3.2.797
298,2021-05-17_08-27-42,P3.2.798
299,2021-05-17_08-27-45,P3.2.799
300,2021-05-17_08-27-48,P3.2.800
301,2021-05-17_08-27-51,P3.2.801
302,2021-05-17_08-27-54,P3.2.802
303,2021-05-17_08-27-57,P3.2.803
304,2021-05-17_08-28-00,P3.2.804
305,2021-05-17_08-28-03,P3.2.805
306,2021-05-17_08-28-06,P3.2.806
307,2021-05-17_08-28-09,P3.2.807
308,2021-05-17_08-28-12,P3.2.808
309,2021-05-17_08-28-15,P3.2.809
310,2021-05-17_08-28-18,P3.2.810
311,2021-05-17_08-28-21,P3.2.811
312,2021-05-17_08-28-24,P3.2.812
313,2021-05-17_08-28-27,P3.2.813
314,2021-05-17_08-28-30,P3.2.814
315,2021-05-17_08-28-33,P3.2.815
316,2021-05-17_08-28-36,P3.2.816
317,2021-05-17_08-28-39,P3.2.817
318,2021-05-17_08-28-42,P3.2.818
319,2021-05-17_08-28-45,P3.2.819
320,2021-05-17_08-28-48,P3.2.820
321,2021-05-17_08-28-51,P3.2.821
322,2021-05-17_08-28-54,P3.2.822
323,2021-05-17_08-28-57,P3.2.823
324,2021-05-17_08-29-00,P3.2.824
325,2021-05-17_08-29-03,P3.2.825
326,2021-05-17_08-29-06,P3.2.826
327,2021-05-17_08-29-09,P3.2.827
328,2021-05-17_08-29-12,P3.2.828
329,2021-05-17_08-29-15,P3.2.829
330,2021-05-17_08-29-18,P3.2.830
331,2021-05-17_08-29-21,P3.2.831
332,2021-05-17_08-29-24,P3.2.832
333,2021-05-17_08-29-27,P3.2.833
334,2021-05-17_08-29-30,P3.2.834
335,2021-05-17_08-29-33,P3.2.835
336,2021-05-17_08-29-36,P3.2.836
337,2021-05-17_08-29-39,P3.2.837
338,2021-05-17_08-29-42,P3.2.838
339,2021-05-17_08-29-45,P3.2.839
340,2021-05-17_08-29-48,P3.2.840
341,2021-05-17_08-29-51,P3.2.841
342,2021-05-17_08-29-54,P3.2.842
343,2021-05-17_08-29-57,P3.2.843
344,2021-05-17_08-30-00,P3.2.844
345,2021-05-17_08-30-03,P3.2.845
346,2021-05-17_08-30-06,P3.2.846
347,2021-05-17_08-30-09,P3.2.847
348,2021-05-17_08-30-12,P3.2.848
349,2021-05-17_08-30-15,P3.2.849
350,2021-05-17_08-30-18,P3.2.850
351,2021-05-17_08-30-21,P3.2.851
352,2021-05-17_08-30-24,P3.2.852
353,2021-05-17_08-30-27,P3.2.853
354,2021-05-17_08-30-30,P3.2.854
355,2021-05-17_08-30-33,P3.2.855
356,2021-05-17_08-30-36,P3.2.856
357,2021-05-17_08-30-39,P3.2.857
358,2021-05-17_08-30-42,P3.2.858
359,2021-05-17_08-30-45,P3.2.859
360,2021-05-17_08-30-48,P3.2.860
361,2021-05-17_08-30-51,P3.2.861
362,2021-05-17_08-30-54,P3.2.862
363,2021-05-17_08-30-57,P3.2.863
364,2021-05-17_08-31-00,P3.2.864
365,2021-05-17_08-31-03,P3.2.865
366,2021-05-17_08-31-06,P3.2.866
367,2021-05-17_08-31-09,P3.2.867
368,2021-05-17_08-31-12,P3.2.868
369,2021-05-17_08-31-15,P3.2.869
370,2021-05-17_08-31-18,P3.2.870
371,2021-05-17_08-31-21,P3.2.871
372,2021-05-17_08-31-24,P3.2.872
373,2021-05-17_08-31-27,P3.2.873
374,2021-05-17_08-31-30,P3.2.874
375,2021-05-17_08-31-33,P3.2.875
376,2021-05-17_08-31-36,P3.2.876
377,2021-05-17_08-31-39,P3.2.877
378,2021-05-17_08-31-42,P3.2.878
379,2021-05-17_08-31-45,P3.2.879
380,2021-05-17_08-31-48,P3.2.880
381,2021-05-17_08-31-51,P3.2.881
382,2021-05-17_08-31-54,P3.2.882
383,2021-05-17_08-31-57,P3.2.883
384,2021-05-17_08-32-00,P3.2.884
385,2021-05-17_08-32-03,P3.2.885
386,2021-05-17_08-32-06,P3.2.886
387,2021-05-17_08-32-09,P3.2.887
388,2021-05-17_08-32-12,P3.2.888
389,2021-05-17_08-32-15,P3.2.889
390,2021-05-17_08-32-18,P3.2.890
391,2021-05-17_08-32-21,P3.2.891
392,2021-05-17_08-32-24,P3.2.892
393,2021-05-17_08-32-27,P3.2.893
394,2021-05-17_08-32-30,P3.2.894
395,2021-05-17_08-32-33,P3.2.895
396,2021-05-17_08-32-36,P3.2.896
397,2021-05-17_08-32-39,P3.2.897
398,2021-05-17_08-32-42,P3.2.898
399,2021-05-17_08-32-45,P3.2.899
400,2021-05-17_08-32-48,P3.2.900
401,2021-05-17_08-32-51,P3.2.901
402,2021-05-17_08-32-54,P3.2.902
403,2021-05-17_08-32-57,P3.2.903
404,2021-05-17_08-33-00,P3.2.904
405,2021-05-17_08-33-03,P3.2.905
406,2021-05-17_08-33-06,P3.2.906
407,2021-05-17_08-33-09,P3.2.907
408,2021-05-17_08-33-12,P3.2.908
409,2021-05-17_08-33-15,P3.2.909
410,2021-05-17_08-33-18,P3.2.910
411,2021-05-17_08-33-21,P3.2.911
412,2021-05-17_08-33-24,P3.2.912
413,2021-05-17_08-33-27,P3.2.913
414,2021-05-17_08-33-30,P3.2.914
415,2021-05-17_08-33-33,P3.2.915
416,2021-05-17_08-33-36,P3.2.916
417,2021-05-17_08-33-39,P3.2.917
418,2021-05-17_08-33-42,P3.2.918
419,2021-05-17_08-33-45,P3.2.919
420,2021-05-17_08-33-48,P3.2.920
421,2021-05-17_08-33-51,P3.2.921
422,2021-05-17_08-33-54,P3.2.922
423,2021-05-17_08-33-57,P3.2.923
424,2021-05-17_08-34-00,P3.2.924
425,2021-05-17_08-34-03,P3.2.925
426,2021-05-17_08-34-06,P3.2.926
427,2021-05-17_08-34-09,P3.2.927
428,2021-05-17_08-34-12,P3.2.928
429,2021-05-17_08-34-15,P3.2.929
430,2021-05-17_08-34-18,P3.2.930
431,2021-05-17_08-34-21,P3.2.931
432,2021-05-17_08-34-24,P3.2.932
433,2021-05-17_08-34-27,P3.2.933
434,2021-05-17_08-34-30,P3.2.934
435,2021-05-17_08-34-33,P3.2.935
436,2021-05-17_08-34-36,P3.2.936
437,2021-05-17_08-34-39,P3.2.937
438,2021-05-17_08-34-42,P3.2.938
439,2021-05-17_08-34-45,P3.2.939
440,2021-05-17_08-34-48,P3.2.940
441,2021-05-17_08-34-51,P3.2.941
442,2021-05-17_08-34-54,P3.2.942
443,2021-05-17_08-34-57,P3.2.943
444,2021-05-17_08-35-00,P3.2.944
445,2021-05-17_08-35-03,P3.2.945
446,2021-05-17_08-35-06,P3.2.946
447,2021-05-17_08-35-09,P3.2.947
448,2021-05-17_08-35-12,P3.2.948
449,2021-05-17_08-35-15,P3.2.949
450,2021-05-17_08-35-18,P3.2.950
451,2021-05-17_08-35-21,P3.2.951
452,2021-05-17_08-35-24,P3.2.952
453,2021-05-17_08-35-27,P3.2.953
454,2021-05-17_08-35-30,P3.2.954
455,2021-05-17_08-35-33,P3.2.955
456,2021-05-17_08-35-36,P3.2.956
457,2021-05-17_08-35-39,P3.2.957
458,2021-05-17_08-35-42,P3.2.958
459,2021-05-17_08-35-45,P3.2.959
460,2021-05-17_08-35-48,P3.2.960
461,2021-05-17_08-35-51,P3.2.961
462,2021-05-17_08-35-54,P3.2.962
463,2021-05-17_08-35-57,P3.2.963
464,2021-05-17_08-36-00,P3.2.964
465,2021-05-17_08-36-03,P3.2.965
466,2021-05-17_08-36-06,P3.2.966
467,2021-05-17_08-36-09,P3.2.967
468,2021-05-17_08-36-12,P3.2.968
469,2021-05-17_08-36-15,P3.2.969
470,2021-05-17_08-36-18,P3.2.970
471,2021-05-17_08-36-21,P3.2.971
472,2021-05-17_08-36-24,P3.2.972
473,2021-05-17_08-36-27,P3.2.973
474,2021-05-17_08-36-30,P3.2.974
475,2021-05-17_08-36-33,P3.2.975
476,2021-05-17_08-36-36,P3.2.976
477,2021-05-17_08-36-39,P3.2.977
478,2021-05-17_08-36-42,P3.2.978
479,2021-05-17_08-36-45,P3.2.979
480,2021-05-17_08-36-48,P3.2.980
481,2021-05-17_08-36-51,P3.2.981
482,2021-05-17_08-36-54,P3.2.982
483,2021-05-17_08-36-57,P3.2.983
484,2021-05-17_08-37-00,P3.2.984
485,2021-05-17_08-37-03,P3.2.985
486,2021-05-17_08-37-06,P3.2.986
487,2021-05-17_08-37-09,P3.2.987
488,2021-05-17_08-37-12,P3.2.988
489,2021-05-17_08-37-15,P3.2.989
490,2021-05-17_08-37-18,P3.2.990
491,2021-05-17_08-37-21,P3.2.991
492,2021-05-17_08-37-24,P3.2.992
493,2021-05-17_08-37-27,P3.2.993
494,2021-05-17_08-37-30,P3.2.994
495,2021-05-17_08-37-33,P3.2.995
496,2021-05-17_08-37-36,P3.2.996
497,2021-05-17_08-37-39,P3.2.997
498,2021-05-17_08-37-42,P3.2.998
499,2021-05-17_08-37-45,P3.2.999
500,2021-05-17_08-37-48,P3.2.1000
501,2021-05-17_08-37-51,P3.2.1001
502,2021-05-17_08-37-54,P3.2.1002
503,2021-05-17_08-37-57,P3.2.1003
504,2021-05-17_08-38-00,P3.2.1004
505,2021-05-17_08-38-03,P3.2.1005
506,2021-05-17_08-38-06,P3.2.1006
507,2021-05-17_08-38-09,P3.2.1007
508,2021-05-17_08-38-12,P3.2.1008
509,2021-05-17_08-38-15,P3.2.1009
510,2021-05-17_08-38-18,P3.2.1010
511,2021-05-17_08-38-21,P3.2.1011
512,2021-05-17_08-38-24,P3.2.1012
513,2021-05-17_08-38-27,P3.2.1013
514,2021-05-17_08-38-30,P3.2.1014
515,2021-05-17_08-38-33,P3.2.1015
516,2021-05-17_08-38-36,P3.2.1016
517,2021-05-17_08-38-39,P3.2.1017
518,2021-05-17_08-38-42,P3.2.1018
519,2021-05-17_08-38-45,P3.2.1019
520,2021-05-17_08-38-48,P3.2.1020
521,2021-05-17_08-38-51,P3.2.1021
522,2021-05-17_08-38-54,P3.2.1022
523,2021-05-17_08-38-57,P3.2.1023
524,2021-05-17_08-39-00,P3.2.1024
525,2021-05-17_08-39-03,P3.2.1025
526,2021-05-17_08-39-06,P3.2.1026
527,2021-05-17_08-39-09,P3.2.1027
528,2021-05-17_08-39-12,P3.2.1028
529,2021-05-17_08-39-15,P3.2.1029
530,2021-05-17_08-39-18,P3.2.1030
531,2021-05-17_08-39-21,P3.2.1031
532,2021-05-17_08-39-24,P3.2.1032
533,2021-05-17_08-39-27,P3.2.1033
534,2021-05-17_08-39-30,P3.2.1034
535,2021-05-17_08-39-33,P3.2.1035
536,2021-05-17_08-39-36,P3.2.1036
537,2021-05-17_08-39-39,P3.2.1037
538,2021-05-17_08-39-42,P3.2.1038
539,2021-05-17_08-39-45,P3.2.1039
540,2021-05-17_08-39-48,P3.2.1040
541,2021-05-17_08-39-51,P3.2.1041
542,2021-05-17_08-39-54,P3.2.1042
543,2021-05-17_08-39-57,P3.2.1043
544,2021-05-17_08-40-00,P3.2.1044
545,2021-05-17_08-40-03,P3.2.1045
546,2021-05-17_08-40-06,P3.2.1046
547,2021-05-17_08-40-09,P3.2.1047
548,2021-05-17_08-40-12,P3.2.1048
549,2021-05-17_08-40-15,P3.2.1049
550,2021-05-17_08-40-18,P3.2.1050
551,2021-05-17_08-40-21,P3.2.1051
552,2021-05-17_08-40-24,P3.2.1052
553,2021-05-17_08-40-27,P3.2.1053
554,2021-05-17_08-40-30,P3.2.1054
555,2021-05-17_08-40-33,P3.2.1055
556,2021-05-17_08-40-36,P3.2.1056
557,2021-05-17_08-40-39,P3.2.1057
558,2021-05-17_08-40-42,P3.2.1058
559,2021-05-17_08-40-45,P3.2.1059
560,2021-05-17_08-40-48,P3.2.1060
561,2021-05-17_08-40-51,P3.2.1061
562,2021-05-17_08-40-54,P3.2.1062
563,2021-05-17_08-40-57,P3.2.1063
564,2021-05-17_08-41-00,P3.2.1064
565,2021-05-17_08-41-03,P3.2.1065
566,2021-05-17_08-41-06,P3.2.1066
567,2021-05-17_08-41-09,P3.2.1067
568,2021-05-17_08-41-12,P3.2.1068
569,2021-05-17_08-41-15,P3.2.1069
570,2021-05-17_08-41-18,P3.2.1070
571,2021-05-17_08-41-21,P3.2.1071
572,2021-05-17_08-41-24,P3.2.1072
573,2021-05-17_08-41-27,P3.2.1073
574,2021-05-17_08-41-30,P3.2.1074
575,2021-05-17_08-41-33,P3.2.1075
576,2021-05-17_08-41-36,P3.2.1076
577,2021-05-17_08-41-39,P3.2.1077
578,2021-05-17_08-41-42,P3.2.1078
579,2021-05-17_08-41-45,P3.2.1079
580,2021-05-17_08-41-48,P3.2.1080
581,2021-05-17_08-41-51,P3.2.1081
582,2021-05-17_08-41-54,P3.2.1082
583,2021-05-17_08-41-57,P3.2.1083
584,2021-05-17_08-42-00,P3.2.1084
585,2021-05-17_08-42-03,P3.2.1085
586,2021-05-17_08-42-06,P3.2.1086
587,2021-05-17_08-42-09,P3.2.1087
588,2021-05-17_08-42-12,P3.2.1088
589,2021-05-17_08-42-15,P3.2.1089
590,2021-05-17_08-42-18,P3.2.1090
591,2021-05-17_08-42-21,P3.2.1091
592,2021-05-17_08-42-24,P3.2.1092
593,2021-05-17_08-42-27,P3.2.1093
594,2021-05-17_08-42-30,P3.2.1094
595,2021-05-17_08-42-33,P3.2.1095
596,2021-05-17_08-42-36,P3.2.1096
597,2021-05-17_08-42-39,P3.2.1097
598,2021-05-17_08-42-42,P3.2.1098
599,2021-05-17_08-42-45,P3.2.1099
600,2021-05-17_08-42-48,P3.2.1100
601,2021-05-17_08-42-51,P3.2.1101
602,2021-05-17_08-42-54,P3.2.1102
603,2021-05-17_08-42-57,P3.2.1103
604,2021-05-17_08-43-00,P3.2.1104
605,2021-05-17_08-43-03,P3.2.1105
606,2021-05-17_08-43-06,P3.2.1106
607,2021-05-17_08-43-09,P3.2.1107
608,2021-05-17_08-43-12,P3.2.1108
609,2021-05-17_08-43-15,P3.2.1109
610,2021-05-17_08-43-18,P3.2.1110
611,2021-05-17_08-43-21,P3.2.1111
612,2021-05-17_08-43-24,P3.2.1112
613,2021-05-17_08-43-27,P3.2.1113
614,2021-05-17_08-43-30,P3.2.1114
615,2021-05-17_08-43-33,P3.2.1115
616,2021-05-17_08-43-36,P3.2.1116
617,2021-05-17_08-43-39,P3.2.1117
618,2021-05-17_08-43-42,P3.2.1118
619,2021-05-17_08-43-45,P3.2.1119
620,2021-05-17_08-43-48,P3.2.1120
621,2021-05-17_08-43-51,P3.2.1121
622,2021-05-17_08-43-54,P3.2.1122
623,2021-05-17_08-43-57,P3.2.1123
624,2021-05-17_08-44-00,P3.2.1124
625,2021-05-17_08-44-03,P3.2.1125
626,2021-05-17_08-44-06,P3.2.1126
627,2021-05-17_08-44-09,P3.2.1127
628,2021-05-17_08-44-12,P3.2.1128
629,2021-05-17_08-44-15,P3.2.1129
630,2021-05-17_08-44-18,P3.2.1130
631,2021-05-17_08-44-21,P3.2.1131
632,2021-05-17_08-44-24,P3.2.1132
633,2021-05-17_08-44-27,P3.2.1133
634,2021-05-17_08-44-30,P3.2.1134
635,2021-05-17_08-44-33,P3.2.1135
636,2021-05-17_08-44-36,P3.2.1136
637,2021-05-17_08-44-39,P3.2.1137
638,2021-05-17_08-44-42,P3.2.1138
639,2021-05-17_08-44-45,P3.2.1139
640,2021-05-17_08-44-48,P3.2.1140
641,2021-05-17_08-44-51,P3.2.1141
642,2021-05-17_08-44-54,P3.2.1142
643,2021-05-17_08-44-57,P3.2.1143
644,2021-05-17_08-45-00,P3.2.1144
645,2021-05-17_08-45-03,P3.2.1145
646,2021-05-17_08-45-06,P3.2.1146
647,2021-05-17_08-45-09,P3.2.1147
648,2021-05-17_08-45-12,P3.2.1148
649,2021-05-17_08-45-15,P3.2.1149
650,2021-05-17_08-45-18,P3.2.1150
651,2021-05-17_08-45-21,P3.2.1151
652,2021-05-17_08-45-24,P3.2.1152
653,2021-05-17_08-45-27,P3.2.1153
654,2021-05-17_08-45-30,P3.2.1154
655,2021-05-17_08-45-33,P3.2.1155
656,2021-05-17_08-45-36,P3.2.1156
657,2021-05-17_08-45-39,P3.2.1157
658,2021-05-17_08-45-42,P3.2.1158
659,2021-05-17_08-45-45,P3.2.1159
660,2021-05-17_08-45-48,P3.2.1160
661,2021-05-17_08-45-51,P3.2.1161
662,2021-05-17_08-45-54,P3.2.1162
663,2021-05-17_08-45-57,P3.2.1163
664,2021-05-17_08-46-00,P3.2.1164
665,2021-05-17_08-46-03,P3.2.1165
666,2021-05-17_08-46-06,P3.2.1166
667,2021-05-17_08-46-09,P3.2.1167
668,2021-05-17_08-46-12,P3.2.1168
669,2021-05-17_08-46-15,P3.2.1169
670,2021-05-17_08-46-18,P3.2.1170
671,2021-05-17_08-46-21,P3.2.1171
672,2021-05-17_08-46-24,P3.2.1172
673,2021-05-17_08-46-27,P3.2.1173
674,2021-05-17_08-46-30,P3.2.1174
675,2021-05-17_08-46-33,P3.2.1175
676,2021-05-17_08-46-36,P3.2.1176
677,2021-05-17_08-46-39,P3.2.1177
678,2021-05-17_08-46-42,P3.2.1178
679,2021-05-17_08-46-45,P3.2.1179
680,2021-05-17_08-46-48,P3.2.1180
681,2021-05-17_08-46-51,P3.2.1181
682,2021-05-17_08-46-54,P3.2.1182
683,2021-05-17_08-46-57,P3.2.1183
684,2021-05-17_08-47-00,P3.2.1184
685,2021-05-17_08-47-03,P3.2.1185
686,2021-05-17_08-47-06,P3.2.1186
687,2021-05-17_08-47-09,P3.2.1187
688,2021-05-17_08-47-12,P3.2.1188
689,2021-05-17_08-47-15,P3.2.1189
690,2021-05-17_08-47-18,P3.2.1190
691,2021-05-17_08-47-21,P3.2.1191
692,2021-05-17_08-47-24,P3.2.1192
693,2021-05-17_08-47-27,P3.2.1193
694,2021-05-17_08-47-30,P3.2.1194
695,2021-05-17_08-47-33,P3.2.1195
696,2021-05-17_08-47-36,P3.2.1196
697,2021-05-17_08-47-39,P3.2.1197
698,2021-05-17_08-47-42,P3.2.1198
699,2021-05-17_08-47-45,P3.2.1199
700,2021-05-17_08-47-48,P3.2.1200
701,2021-05-17_08-47-51,P3.2.1201
702,2021-05-17_08-47-54,P3.2.1202
703,2021-05-17_08-47-57,P3.2.1203
704,2021-05-17_08-48-00,P3.2.1204
705,2021-05-17_08-48-03,P3.2.1205
706,2021-05-17_08-48-06,P3.2.1206
707,2021-05-17_08-48-09,P3.2.1207
708,2021-05-17_08-48-12,P3.2.1208
709,2021-05-17_08-48-15,P3.2.1209
710,2021-05-17_08-48-18,P3.2.1210
711,2021-05-17_08-48-21,P3.2.1211
712,2021-05-17_08-48-24,P3.2.1212
713,2021-05-17_08-48-27,P3.2.1213
714,2021-05-17_08-48-30,P3.2.1214
715,2021-05-17_08-48-33,P3.2.1215
716,2021-05-17_08-48-36,P3.2.1216
717,2021-05-17_08-48-39,P3.2.1217
718,2021-05-17_08-48-42,P3.2.1218
719,2021-05-17_08-48-45,P3.2.1219
720,2021-05-17_08-48-48,P3.2.1220
721,2021-05-17_08-48-51,P3.2.1221
722,2021-05-17_08-48-54,P3.2.1222
723,2021-05-17_08-48-57,P3.2.1223
724,2021-05-17_08-49-00,P3.2.1224
725,2021-05-17_08-49-03,P3.2.1225
726,2021-05-17_08-49-06,P3.2.1226
727,2021-05-17_08-49-09,P3.2.1227
728,2021-05-17_08-49-12,P3.2.1228
729,2021-05-17_08-49-15,P3.2.1229
730,2021-05-17_08-49-18,P3.2.1230
731,2021-05-17_08-49-21,P3.2.1231
732,2021-05-17_08-49-24,P3.2.1232
733,2021-05-17_08-49-27,P3.2.1233
734,2021-05-17_08-49-30,P3.2.1234
735,2021-05-17_08-49-33,P3.2.1235
736,2021-05-17_08-49-36,P3.2.1236
737,2021-05-17_08-49-39,P3.2.1237
738,2021-05-17_08-49-42,P3.2.1238
739,2021-05-17_08-49-45,P3.2.1239
740,2021-05-17_08-49-48,P3.2.1240
741,2021-05-17_08-49-51,P3.2.1241
742,2021-05-17_08-49-54,P3.2.1242
743,2021-05-17_08-49-57,P3.2.1243
744,2021-05-17_08-50-00,P3.2.1244
745,2021-05-17_08-50-03,P3.2.1245
746,2021-05-17_08-50-06,P3.2.1246
747,2021-05-17_08-50-09,P3.2.1247
748,2021-05-17_08-50-12,P3.2.1248
749,2021-05-17_08-50-15,P3.2.1249
750,2021-05-17_08-50-18,P3.2.1250
751,2021-05-17_08-50-21,P3.2.1251
752,2021-05-17_08-50-24,P3.2.1252
753,2021-05-17_08-50-27,P3.2.1253
754,2021-05-17_08-50-30,P3.2.1254
755,2021-05-17_08-50-33,P3.2.1255
756,2021-05-17_08-50-36,P3.2.1256
757,2021-05-17_08-50-39,P3.2.1257
758,2021-05-17_08-50-42,P3.2.1258
759,2021-05-17_08-50-45,P3.2.1259
760,2021-05-17_08-50-48,P3.2.1260
761,2021-05-17_08-50-51,P3.2.1261
762,2021-05-17_08-50-54,P3.2.1262
763,2021-05-17_08-50-57,P3.2.1263
764,2021-05-17_08-51-00,P3.2.1264
765,2021-05-17_08-51-03,P3.2.1265
766,2021-05-17_08-51-06,P3.2.1266
767,2021-05-17_08-51-09,P3.2.1267
768,2021-05-17_08-51-12,P3.2.1268
769,2021-05-17_08-51-15,P3.2.1269
770,2021-05-17_08-51-18,P3.2.1270
771,2021-05-17_08-51-21,P3.2.1271
772,2021-05-17_08-51-24,P3.2.1272
773,2021-05-17_08-51-27,P3.2.1273
774,2021-05-17_08-51-30,P3.2.1274
775,2021-05-17_08-51-33,P3.2.1275
776,2021-05-17_08-51-36,P3.2.1276
777,2021-05-17_08-51-39,P3.2.1277
778,2021-05-17_08-51-42,P3.2.1278
779,2021-05-17_08-51-45,P3.2.1279
780,2021-05-17_08-51-48,P3.2.1280
781,2021-05-17_08-51-51,P3.2.1281
782,2021-05-17_08-51-54,P3.2.1282
783,2021-05-17_08-51-57,P3.2.1283
784,2021-05-17_08-52-00,P3.2.1284
785,2021-05-17_08-52-03,P3.2.1285
786,2021-05-17_08-52-06,P3.2.1286
787,2021-05-17_08-52-09,P3.2.1287
788,2021-05-17_08-52-12,P3.2.1288
789,2021-05-17_08-52-15,P3.2.1289
790,2021-05-17_08-52-18,P3.2.1290
791,2021-05-17_08-52-21,P3.2.1291
792,2021-05-17_08-52-24,P3.2.1292
793,2021-05-17_08-52-27,P3.2.1293
794,2021-05-17_08-52-30,P3.2.1294
795,2021-05-17_08-52-33,P3.2.1295
796,2021-05-17_08-52-36,P3.2.1296
797,2021-05-17_08-52-39,P3.2.1297
798,2021-05-17_08-52-42,P3.2.1298
799,2021-05-17_08-52-45,P3.2.1299
800,2021-05-17_08-52-48,P3.2.1300
801,2021-05-17_08-52-51,P3.2.1301
802,2021-05-17_08-52-54,P3.2.1302
803,2021-05-17_08-52-57,P3.2.1303
804,2021-05-17_08-53-00,P3.2.1304
805,2021-05-17_08-53-03,P3.2.1305
806,2021-05-17_08-53-06,P3.2.1306
807,2021-05-17_08-53-09,P3.2.1307
808,2021-05-17_08-53-12,P3.2.1308
809,2021-05-17_08-53-15,P3.2.1309
810,2021-05-17_08-53-18,P3.2.1310
811,2021-05-17_08-53-21,P3.2.1311
812,2021-05-17_08-53-24,P3.2.1312
813,2021-05-17_08-53-27,P3.2.1313
814,2021-05-17_08-53-30,P3.2.1314
815,2021-05-17_08-53-33,P3.2.1315
816,2021-05-17_08-53-36,P3.2.1316
817,2021-05-17_08-53-39,P3.2.1317
818,2021-05-17_08-53-42,P3.2.1318
819,2021-05-17_08-53-45,P3.2.1319
820,2021-05-17_08-53-48,P3.2.1320
821,2021-05-17_08-53-51,P3.2.1321
822,2021-05-17_08-53-54,P3.2.1322
823,2021-05-17_08-53-57,P3.2.1323
824,2021-05-17_08-54-00,P3.2.1324
825,2021-05-17_08-54-03,P3.2.1325
826,2021-05-17_08-54-06,P3.2.1326
827,2021-05-17_08-54-09,P3.2.1327
828,2021-05-17_08-54-12,P3.2.1328
829,2021-05-17_08-54-15,P3.2.1329
830,2021-05-17_08-54-18,P3.2.1330
831,2021-05-17_08-54-21,P3.2.1331
832,2021-05-17_08-54-24,P3.2.1332
833,2021-05-17_08-54-27,P3.2.1333
834,2021-05-17_08-54-30,P3.2.1334
835,2021-05-17_08-54-33,P3.2.1335
836,2021-05-17_08-54-36,P3.2.1336
837,2021-05-17_08-54-39,P3.2.1337
838,2021-05-17_08-54-42,P3.2.1338
839,2021-05-17_08-54-45,P3.2.1339
840,2021-05-17_08-54-48,P3.2.1340
841,2021-05-17_08-54-51,P3.2.1341
842,2021-05-17_08-54-54,P3.2.1342
843,2021-05-17_08-54-57,P3.2.1343
844,2021-05-17_08-55-00,P3.2.1344
845,2021-05-17_08-55-03,P3.2.1345
846,2021-05-17_08-55-06,P3.2.1346
847,2021-05-17_08-55-09,P3.2.1347
848,2021-05-17_08-55-12,P3.2.1348
849,2021-05-17_08-55-15,P3.2.1349
850,2021-05-17_08-55-18,P3.2.1350
851,2021-05-17_08-55-21,P3.2.1351
852,2021-05-17_08-55-24,P3.2.1352
853,2021-05-17_08-55-27,P3.2.1353
854,2021-05-17_08-55-30,P3.2.1354
855,2021-05-17_08-55-33,P3.2.1355
856,2021-05-17_08-55-36,P3.2.1356
857,2021-05-17_08-55-39,P3.2.1357
858,2021-05-17_08-55-42,P3.2.1358
859,2021-05-17_08-55-45,P3.2.1359
860,2021-05-17_08-55-48,P3.2.1360
861,2021-05-17_08-55-51,P3.2.1361
862,2021-05-17_08-55-54,P3.2.1362
863,2021-05-17_08-55-57,P3.2.1363
864,2021-05-17_08-56-00,P3.2.1364
865,2021-05-17_08-56-03,P3.2.1365
866,2021-05-17_08-56-06,P3.2.1366
867,2021-05-17_08-56-09,P3.2.1367
868,2021-05-17_08-56-12,P3.2.1368
869,2021-05-17_08-56-15,P3.2.1369
870,2021-05-17_08-56-18,P3.2.1370
871,2021-05-17_08-56-21,P3.2.1371
872,2021-05-17_08-56-24,P3.2.1372
873,2021-05-17_08-56-27,P3.2.1373
874,2021-05-17_08-56-30,P3.2.1374
875,2021-05-17_08-56-33,P3.2.1375
876,2021-05-17_08-56-36,P3.2.1376
877,2021-05-17_08-56-39,P3.2.1377
878,2021-05-17_08-56-42,P3.2.1378
879,2021-05-17_08-56-45,P3.2.1379
880,2021-05-17_08-56-48,P3.2.1380
881,2021-05-17_08-56-51,P3.2.1381
882,2021-05-17_08-56-54,P3.2.1382
883,2021-05-17_08-56-57,P3.2.1383
884,2021-05-17_08-57-00,P3.2.1384
885,2021-05-17_08-57-03,P3.2.1385
886,2021-05-17_08-57-06,P3.2.1386
887,2021-05-17_08-57-09,P3.2.1387
888,2021-05-17_08-57-12,P3.2.1388
889,2021-05-17_08-57-15,P3.2.1389
890,2021-05-17_08-57-18,P3.2.1390
891,2021-05-17_08-57-21,P3.2.1391
892,2021-05-17_08-57-24,P3.2.1392
893,2021-05-17_08-57-27,P3.2.1393
894,2021-05-17_08-57-30,P3.2.1394
895,2021-05-17_08-57-33,P3.2.1395
896,2021-05-17_08-57-36,P3.2.1396
897,2021-05-17_08-57-39,P3.2.1397
898,2021-05-17_08-57-42,P3.2.1398
899,2021-05-17_08-57-45,P3.2.1399
900,2021-05-17_08-57-48,P3.2.1400
901,2021-05-17_08-57-51,P3.2.1401
902,2021-05-17_08-57-54,P3.2.1402
903,2021-05-17_08-57-57,P3.2.1403
904,2021-05-17_08-58-00,P3.2.1404
905,2021-05-17_08-58-03,P3.2.1405
906,2021-05-17_08-58-06,P3.2.1406
907,2021-05-17_08-58-09,P3.2.1407
908,2021-05-17_08-58-12,P3.2.1408
909,2021-05-17_08-58-15,P3.2.1409
910,2021-05-17_08-58-18,P3.2.1410
911,2021-05-17_08-58-21,P3.2.1411
912,2021-05-17_08-58-24,P3.2.1412
913,2021-05-17_08-58-27,P3.2.1413
914,2021-05-17_08-58-30,P3.2.1414
915,2021-05-17_08-58-33,P3.2.1415
916,2021-05-17_08-58-36,P3.2.1416
917,2021-05-17_08-58-39,P3.2.1417
918,2021-05-17_08-58-42,P3.2.1418
919,2021-05-17_08-58-45,P3.2.1419
920,2021-05-17_08-58-48,P3.2.1420
921,2021-05-17_08-58-51,P3.2.1421
922,2021-05-17_08-58-54,P3.2.1422
923,2021-05-17_08-58-57,P3.2.1423
924,2021-05-17_08-59-00,P3.2.1424
925,2021-05-17_08-59-03,P3.2.1425
926,2021-05-17_08-59-06,P3.2.1426
927,2021-05-17_08-59-09,P3.2.1427
928,2021-05-17_08-59-12,P3.2.1428
929,2021-05-17_08-59-15,P3.2.1429
930,2021-05-17_08-59-18,P3.2.1430
931,2021-05-17_08-59-21,P3.2.1431
932,2021-05-17_08-59-24,P3.2.1432
933,2021-05-17_08-59-27,P3.2.1433
934,2021-05-17_08-59-30,P3.2.1434
935,2021-05-17_08-59-33,P3.2.1435
936,2021-05-17_08-59-36,P3.2.1436
937,2021-05-17_08-59-39,P3.2.1437
938,2021-05-17_08-59-42,P3.2.1438
939,2021-05-17_08-59-45,P3.2.1439
940,2021-05-17_08-59-48,P3.2.1440
941,2021-05-17_08-59-51,P3.2.1441
942,2021-05-17_08-59-54,P3.2.1442
943,2021-05-17_08-59-57,P3.2.1443
944,2021-05-17_09-00-00,P3.2.1444
945,2021-05-17_09-00-03,P3.2.1445
946,2021-05-17_09-00-06,P3.2.1446
947,2021-05-17_09-00-09,P3.2.1447
948,2021-05-17_09-00-12,P3.2.1448
949,2021-05-17_09-00-15,P3.2.1449
950,2021-05-17_09-00-18,P3.2.1450
951,2021-05-17_09-00-21,P3.2.1451
952,2021-05-17_09-00-24,P3.2.1452
953,2021-05-17_09-00-27,P3.2.1453
954,2021-05-17_09-00-30,P3.2.1454
955,2021-05-17_09-00-33,P3.2.1455
956,2021-05-17_09-00-36,P3.2.1456
957,2021-05-17_09-00-39,P3.2.1457
958,2021-05-17_09-00-42,P3.2.1458
959,2021-05-17_09-00-45,P3.2.1459
960,2021-05-17_09-00-48,P3.2.1460
961,2021-05-17_09-00-51,P3.2.1461
962,2021-05-17_09-00-54,P3.2.1462
963,2021-05-17_09-00-57,P3.2.1463
964,2021-05-17_09-01-00,P3.2.1464
965,2021-05-17_09-01-03,P3.2.1465
966,2021-05-17_09-01-06,P3.2.1466
967,2021-05-17_09-01-09,P3.2.1467
968,2021-05-17_09-01-12,P3.2.1468
969,2021-05-17_09-01-15,P3.2.1469
970,2021-05-17_09-01-18,P3.2.1470
971,2021-05-17_09-01-21,P3.2.1471
972,2021-05-17_09-01-24,P3.2.1472
973,2021-05-17_09-01-27,P3.2.1473
974,2021-05-17_09-01-30,P3.2.1474
975,2021-05-17_09-01-33,P3.2.1475
976,2021-05-17_09-01-36,P3.2.1476
977,2021-05-17_09-01-39,P3.2.1477
978,2021-05-17_09-01-42,P3.2.1478
979,2021-05-17_09-01-45,P3.2.1479
980,2021-05-17_09-01-48,P3.2.1480
981,2021-05-17_09-01-51,P3.2.1481
982,2021-05-17_09-01-54,P3.2.1482
983,2021-05-17_09-01-57,P3.2.1483
984,2021-05-17_09-02-00,P3.2.1484
985,2021-05-17_09-02-03,P3.2.1485
986,2021-05-17_09-02-06,P3.2.1486
987,2021-05-17_09-02-09,P3.2.1487
988,2021-05-17_09-02-12,P3.2.1488
989,2021-05-17_09-02-15,P3.2.1489
990,2021-05-17_09-02-18,P3.2.1490
991,2021-05-17_09-02-21,P3.2.1491
992,2021-05-17_09-02-24,P3.2.1492
993,2021-05-17_09-02-27,P3.2.1493
994,2021-05-17_09-02-30,P3.2.1494
995,2021-05-17_09-02-33,P3.2.1495
996,2021-05-17_09-02-36,P3.2.1496
997,2021-05-17_09-02-39,P3.2.1497
998,2021-05-17_09-02-42,P3.2.1498
999,2021-05-17_09-02-45,P3.2.1499
1000,2021-05-17_09-02-48,P3.2.1500
1001,2021-05-17_09-02-51,P3.2.1501
1002,2021-05-17_09-02-54,P3.2.1502
1003,2021-05-17_09-02-57,P3.2.1503
1004,2021-05-17_09-03-00,P3.2.1504
1005,2021-05-17_09-03-03,P3.2.1505
1006,2021-05-17_09-03-06,P3.2.1506
1007,2021-05-17_09-03-09,P3.2.1507
1008,2021-05-17_09-03-12,P3.2.1508
1009,2021-05-17_09-03-15,P3.2.1509
1010,2021-05-17_09-03-18,P3.2.1510
1011,2021-05-17_09-03-21,P3.2.1511
1012,2021-05-17_09-03-24,P3.2.1512
1013,2021-05-17_09-03-27,P3.2.1513
1014,2021-05-17_09-03-30,P3.2.1514
1015,2021-05-17_09-03-33,P3.2.1515
1016,2021-05-17_09-03-36,P3.2.1516
1017,2021-05-17_09-03-39,P3.2.1517
1018,2021-05-17_09-03-42,P3.2.1518
1019,2021-05-17_09-03-45,P3.2.1519
1020,2021-05-17_09-03-48,P3.2.1520
1021,2021-05-17_09-03-51,P3.2.1521
1022,2021-05-17_09-03-54,P3.2.1522
1023,2021-05-17_09-03-57,P3.2.1523
1024,2021-05-17_09-04-00,P3.2.1524
1025,2021-05-17_09-04-03,P3.2.1525
1026,2021-05-17_09-04-06,P3.2.1526
1027,2021-05-17_09-04-09,P3.2.1527
1028,2021-05-17_09-04-12,P3.2.1528
1029,2021-05-17_09-04-15,P3.2.1529
1030,2021-05-17_09-04-18,P3.2.1530
1031,2021-05-17_09-04-21,P3.2.1531
1032,2021-05-17_09-04-24,P3.2.1532
1033,2021-05-17_09-04-27,P3.2.1533
1034,2021-05-17_09-04-30,P3.2.1534
1035,2021-05-17_09-04-33,P3.2.1535
1036,2021-05-17_09-04-36,P3.2.1536
1037,2021-05-17_09-04-39,P3.2.1537
1038,2021-05-17_09-04-42,P3.2.1538
1039,2021-05-17_09-04-45,P3.2.1539
1040,2021-05-17_09-04-48,P3.2.1540
1041,2021-05-17_09-04-51,P3.2.1541
1042,2021-05-17_09-04-54,P3.2.1542
1043,2021-05-17_09-04-57,P3.2.1543
1044,2021-05-17_09-05-00,P3.2.1544
1045,2021-05-17_09-05-03,P3.2.1545
1046,2021-05-17_09-05-06,P3.2.1546
1047,2021-05-17_09-05-09,P3.2.1547
1048,2021-05-17_09-05-12,P3.2.1548
1049,2021-05-17_09-05-15,P3.2.1549
1050,2021-05-17_09-05-18,P3.2.1550
1051,2021-05-17_09-05-21,P3.2.1551
1052,2021-05-17_09-05-24,P3.2.1552
1053,2021-05-17_09-05-27,P3.2.1553
1054,2021-05-17_09-05-30,P3.2.1554
1055,2021-05-17_09-05-33,P3.2.1555
1056,2021-05-17_09-05-36,P3.2.1556
1057,2021-05-17_09-05-39,P3.2.1557
1058,2021-05-17_09-05-42,P3.2.1558
1059,2021-05-17_09-05-45,P3.2.1559
1060,2021-05-17_09-05-48,P3.2.1560
1061,2021-05-17_09-05-51,P3.2.1561
1062,2021-05-17_09-05-54,P3.2.1562
1063,2021-05-17_09-05-57,P3.2.1563
1064,2021-05-17_09-06-00,P3.2.1564
1065,2021-05-17_09-06-03,P3.2.1565
1066,2021-05-17_09-06-06,P3.2.1566
1067,2021-05-17_09-06-09,P3.2.1567
1068,2021-05-17_09-06-12,P3.2.1568
1069,2021-05-17_09-06-15,P3.2.1569
1070,2021-05-17_09-06-18,P3.2.1570
1071,2021-05-17_09-06-21,P3.2.1571
1072,2021-05-17_09-06-24,P3.2.1572
1073,2021-05-17_09-06-27,P3.2.1573
1074,2021-05-17_09-06-30,P3.2.1574
1075,2021-05-17_09-06-33,P3.2.1575
1076,2021-05-17_09-06-36,P3.2.1576
1077,2021-05-17_09-06-39,P3.2.1577
1078,2021-05-17_09-06-42,P3.2.1578
1079,2021-05-17_09-06-45,P3.2.1579
1080,2021-05-17_09-06-48,P3.2.1580
1081,2021-05-17_09-06-51,P3.2.1581
1082,2021-05-17_09-06-54,P3.2.1582
1083,2021-05-17_09-06-57,P3.2.1583
1084,2021-05-17_09-07-00,P3.2.1584
1085,2021-05-17_09-07-03,P3.2.1585
1086,2021-05-17_09-07-06,P3.2.1586
1087,2021-05-17_09-07-09,P3.2.1587
1088,2021-05-17_09-07-12,P3.2.1588
1089,2021-05-17_09-07-15,P3.2.1589
1090,2021-05-17_09-07-18,P3.2.1590
1091,2021-05-17_09-07-21,P3.2.1591
1092,2021-05-17_09-07-24,P3.2.1592
1093,2021-05-17_09-07-27,P3.2.1593
1094,2021-05-17_09-07-30,P3.2.1594
1095,2021-05-17_09-07-33,P3.2.1595
1096,2021-05-17_09-07-36,P3.2.1596
1097,2021-05-17_09-07-39,P3.2.1597
1098,2021-05-17_09-07-42,P3.2.1598
1099,2021-05-17_09-07-45,P3.2.1599
1100,2021-05-17_09-07-48,P3.2.1600
1101,2021-05-17_09-07-51,P3.2.1601
1102,2021-05-17_09-07-54,P3.2.1602
1103,2021-05-17_09-07-57,P3.2.1603
1104,2021-05-17_09-08-00,P3.2.1604
1105,2021-05-17_09-08-03,P3.2.1605
1106,2021-05-17_09-08-06,P3.2.1606
1107,2021-05-17_09-08-09,P3.2.1607
1108,2021-05-17_09-08-12,P3.2.1608
1109,2021-05-17_09-08-15,P3.2.1609
1110,2021-05-17_09-08-18,P3.2.1610
1111,2021-05-17_09-08-21,P3.2.1611
1112,2021-05-17_09-08-24,P3.2.1612
1113,2021-05-17_09-08-27,P3.2.1613
1114,2021-05-17_09-08-30,P3.2.1614
1115,2021-05-17_09-08-33,P3.2.1615
1116,2021-05-17_09-08-36,P3.2.1616
1117,2021-05-17_09-08-39,P3.2.1617
1118,2021-05-17_09-08-42,P3.2.1618
1119,2021-05-17_09-08-45,P3.2.1619
1120,2021-05-17_09-08-48,P3.2.1620
1121,2021-05-17_09-08-51,P3.2.1621
1122,2021-05-17_09-08-54,P3.2.1622
1123,2021-05-17_09-08-57,P3.2.1623
1124,2021-05-17_09-09-00,P3.2.1624
1125,2021-05-17_09-09-03,P3.2.1625
1126,2021-05-17_09-09-06,P3.2.1626
1127,2021-05-17_09-09-09,P3.2.1627
1128,2021-05-17_09-09-12,P3.2.1628
1129,2021-05-17_09-09-15,P3.2.1629
1130,2021-05-17_09-09-18,P3.2.1630
1131,2021-05-17_09-09-21,P3.2.1631
1132,2021-05-17_09-09-24,P3.2.1632
1133,2021-05-17_09-09-27,P3.2.1633
1134,2021-05-17_09-09-30,P3.2.1634
1135,2021-05-17_09-09-33,P3.2.1635
1136,2021-05-17_09-09-36,P3.2.1636
1137,2021-05-17_09-09-39,P3.2.1637
1138,2021-05-17_09-09-42,P3.2.1638
1139,2021-05-17_09-09-45,P3.2.1639
1140,2021-05-17_09-09-48,P3.2.1640
1141,2021-05-17_09-09-51,P3.2.1641
1142,2021-05-17_09-09-54,P3.2.1642
1143,2021-05-17_09-09-57,P3.2.1643
1144,2021-05-17_09-10-00,P3.2.1644
1145,2021-05-17_09-10-03,P3.2.1645
1146,2021-05-17_09-10-06,P3.2.1646
1147,2021-05-17_09-10-09,P3.2.1647
1148,2021-05-17_09-10-12,P3.2.1648
1149,2021-05-17_09-10-15,P3.2.1649
1150,2021-05-17_09-10-18,P3.2.1650
1151,2021-05-17_09-10-21,P3.2.1651
1152,2021-05-17_09-10-24,P3.2.1652
1153,2021-05-17_09-10-27,P3.2.1653
1154,2021-05-17_09-10-30,P3.2.1654
1155,2021-05-17_09-10-33,P3.2.1655
1156,2021-05-17_09-10-36,P3.2.1656
1157,2021-05-17_09-10-39,P3.2.1657
1158,2021-05-17_09-10-42,P3.2.1658
1159,2021-05-17_09-10-45,P3.2.1659
1160,2021-05-17_09-10-48,P3.2.1660
1161,2021-05-17_09-10-51,P3.2.1661
1162,2021-05-17_09-10-54,P3.2.1662
1163,2021-05-17_09-10-57,P3.2.1663
1164,2021-05-17_09-11-00,P3.2.1664
1165,2021-05-17_09-11-03,P3.2.1665
1166,2021-05-17_09-11-06,P3.2.1666
1167,2021-05-17_09-11-09,P3.2.1667
1168,2021-05-17_09-11-12,P3.2.1668
1169,2021-05-17_09-11-15,P3.2.1669
1170,2021-05-17_09-11-18,P3.2.1670
1171,2021-05-17_09-11-21,P3.2.1671
1172,2021-05-17_09-11-24,P3.2.1672
1173,2021-05-17_09-11-27,P3.2.1673
1174,2021-05-17_09-11-30,P3.2.1674
1175,2021-05-17_09-11-33,P3.2.1675
1176,2021-05-17_09-11-36,P3.2.1676
1177,2021-05-17_09-11-39,P3.2.1677
1178,2021-05-17_09-11-42,P3.2.1678
1179,2021-05-17_09-11-45,P3.2.1679
1180,2021-05-17_09-11-48,P3.2.1680
1181,2021-05-17_09-11-51,P3.2.1681
1182,2021-05-17_09-11-54,P3.2.1682
1183,2021-05-17_09-11-57,P3.2.1683
1184,2021-05-17_09-12-00,P3.2.1684
1185,2021-05-17_09-12-03,P3.2.1685
1186,2021-05-17_09-12-06,P3.2.1686
1187,2021-05-17_09-12-09,P3.2.1687
1188,2021-05-17_09-12-12,P3.2.1688
1189,2021-05-17_09-12-15,P3.2.1689
1190,2021-05-17_09-12-18,P3.2.1690
1191,2021-05-17_09-12-21,P3.2.1691
1192,2021-05-17_09-12-24,P3.2.1692
1193,2021-05-17_09-12-27,P3.2.1693
1194,2021-05-17_09-12-30,P3.2.1694
1195,2021-05-17_09-12-33,P3.2.1695
1196,2021-05-17_09-12-36,P3.2.1696
1197,2021-05-17_09-12-39,P3.2.1697
1198,2021-05-17_09-12-42,P3.2.1698
1199,2021-05-17_09-12-45,P3.2.1699
1200,2021-05-17_09-12-48,P3.2.1700
1201,2021-05-17_09-12-51,P3.2.1701
1202,2021-05-17_09-12-54,P3.2.1702
1203,2021-05-17_09-12-57,P3.2.1703
1204,2021-05-17_09-13-00,P3.2.1704
1205,2021-05-17_09-13-03,P3.2.1705
1206,2021-05-17_09-13-06,P3.2.1706
1207,2021-05-17_09-13-09,P3.2.1707
1208,2021-05-17_09-13-12,P3.2.1708
1209,2021-05-17_09-13-15,P3.2.1709
1210,2021-05-17_09-13-18,P3.2.1710
1211,2021-05-17_09-13-21,P3.2.1711
1212,2021-05-17_09-13-24,P3.2.1712
1213,2021-05-17_09-13-27,P3.2.1713
1214,2021-05-17_09-13-30,P3.2.1714
1215,2021-05-17_09-13-33,P3.2.1715
1216,2021-05-17_09-13-36,P3.2.1716
1217,2021-05-17_09-13-39,P3.2.1717
1218,2021-05-17_09-13-42,P3.2.1718
1219,2021-05-17_09-13-45,P3.2.1719
1220,2021-05-17_09-13-48,P3.2.1720
1221,2021-05-17_09-13-51,P3.2.1721
1222,2021-05-17_09-13-54,P3.2.1722
1223,2021-05-17_09-13-57,P3.2.1723
1224,2021-05-17_09-14-00,P3.2.1724
1225,2021-05-17_09-14-03,P3.2.1725
1226,2021-05-17_09-14-06,P3.2.1726
1227,2021-05-17_09-14-09,P3.2.1727
1228,2021-05-17_09-14-12,P3.2.1728
1229,2021-05-17_09-14-15,P3.2.1729
1230,2021-05-17_09-14-18,P3.2.1730
1231,2021-05-17_09-14-21,P3.2.1731
1232,2021-05-17_09-14-24,P3.2.1732
1233,2021-05-17_09-14-27,P3.2.1733
1234,2021-05-17_09-14-30,P3.2.1734
1235,2021-05-17_09-14-33,P3.2.1735
1236,2021-05-17_09-14-36,P3.2.1736
1237,2021-05-17_09-14-39,P3.2.1737
1238,2021-05-17_09-14-42,P3.2.1738
1239,2021-05-17_09-14-45,P3.2.1739
1240,2021-05-17_09-14-48,P3.2.1740
1241,2021-05-17_09-14-51,P3.2.1741
1242,2021-05-17_09-14-54,P3.2.1742
1243,2021-05-17_09-14-57,P3.2.1743
1244,2021-05-17_09-15-00,P3.2.1744
1245,2021-05-17_09-15-03,P3.2.1745
1246,2021-05-17_09-15-06,P3.2.1746
1247,2021-05-17_09-15-09,P3.2.1747
1248,2021-05-17_09-15-12,P3.2.1748
1249,2021-05-17_09-15-15,P3.2.1749
1250,2021-05-17_09-15-18,P3.2.1750
1251,2021-05-17_09-15-21,P3.2.1751
1252,2021-05-17_09-15-24,P3.2.1752
1253,2021-05-17_09-15-27,P3.2.1753
1254,2021-05-17_09-15-30,P3.2.1754
1255,2021-05-17_09-15-33,P3.2.1755
1256,2021-05-17_09-15-36,P3.2.1756
1257,2021-05-17_09-15-39,P3.2.1757
1258,2021-05-17_09-15-42,P3.2.1758
1259,2021-05-17_09-15-45,P3.2.1759
1260,2021-05-17_09-15-48,P3.2.1760
1261,2021-05-17_09-15-51,P3.2.1761
1262,2021-05-17_09-15-54,P3.2.1762
1263,2021-05-17_09-15-57,P3.2.1763
1264,2021-05-17_09-16-00,P3.2.1764
1265,2021-05-17_09-16-03,P3.2.1765
1266,2021-05-17_09-16-06,P3.2.1766
1267,2021-05-17_09-16-09,P3.2.1767
1268,2021-05-17_09-16-12,P3.2.1768
1269,2021-05-17_09-16-15,P3.2.1769
1270,2021-05-17_09-16-18,P3.2.1770
1271,2021-05-17_09-16-21,P3.2.1771
1272,2021-05-17_09-16-24,P3.2.1772
1273,2021-05-17_09-16-27,P3.2.1773
1274,2021-05-17_09-16-30,P3.2.1774
1275,2021-05-17_09-16-33,P3.2.1775
1276,2021-05-17_09-16-36,P3.2.1776
1277,2021-05-17_09-16-39,P3.2.1777
1278,2021-05-17_09-16-42,P3.2.1778
1279,2021-05-17_09-16-45,P3.2.1779
1280,2021-05-17_09-16-48,P3.2.1780
1281,2021-05-17_09-16-51,P3.2.1781
1282,2021-05-17_09-16-54,P3.2.1782
1283,2021-05-17_09-16-57,P3.2.1783
1284,2021-05-17_09-17-00,P3.2.1784
1285,2021-05-17_09-17-03,P3.2.1785
1286,2021-05-17_09-17-06,P3.2.1786
1287,2021-05-17_09-17-09,P3.2.1787
1288,2021-05-17_09-17-12,P3.2.1788
1289,2021-05-17_09-17-15,P3.2.1789
1290,2021-05-17_09-17-18,P3.2.1790
1291,2021-05-17_09-17-21,P3.2.1791
1292,2021-05-17_09-17-24,P3.2.1792
1293,2021-05-17_09-17-27,P3.2.1793
1294,2021-05-17_09-17-30,P3.2.1794
1295,2021-05-17_09-17-33,P3.2.1795
1296,2021-05-17_09-17-36,P3.2.1796
1297,2021-05-17_09-17-39,P3.2.1797
1298,2021-05-17_09-17-42,P3.2.1798
1299,2021-05-17_09-17-45,P3.2.1799
1300,2021-05-17_09-17-48,P3.2.1800
1301,2021-05-17_09-17-51,P3.2.1801
1302,2021-05-17_09-17-54,P3.2.1802
1303,2021-05-17_09-17-57,P3.2.1803
1304,2021-05-17_09-18-00,P3.2.1804
1305,2021-05-17_09-18-03,P3.2.1805
1306,2021-05-17_09-18-06,P3.2.1806
1307,2021-05-17_09-18-09,P3.2.1807
1308,2021-05-17_09-18-12,P3.2.1808
1309,2021-05-17_09-18-15,P3.2.1809
1310,2021-05-17_09-18-18,P3.2.1810
1311,2021-05-17_09-18-21,P3.2.1811
1312,2021-05-17_09-18-24,P3.2.1812
1313,2021-05-17_09-18-27,P3.2.1813
1314,2021-05-17_09-18-30,P3.2.1814
1315,2021-05-17_09-18-33,P3.2.1815
1316,2021-05-17_09-18-36,P3.2.1816
1317,2021-05-17_09-18-39,P3.2.1817
1318,2021-05-17_09-18-42,P3.2.1818
1319,2021-05-17_09-18-45,P3.2.1819
1320,2021-05-17_09-18-48,P3.2.1820
1321,2021-05-17_09-18-51,P3.2.1821
1322,2021-05-17_09-18-54,P3.2.1822
1323,2021-05-17_09-18-57,P3.2.1823
1324,2021-05-17_09-19-00,P3.2.1824
1325,2021-05-17_09-19-03,P3.2.1825
1326,2021-05-17_09-19-06,P3.2.1826
1327,2021-05-17_09-19-09,P3.2.1827
1328,2021-05-17_09-19-12,P3.2.1828
1329,2021-05-17_09-19-15,P3.2.1829
1330,2021-05-17_09-19-18,P3.2.1830
1331,2021-05-17_09-19-21,P3.2.1831
1332,2021-05-17_09-19-24,P3.2.1832
1333,2021-05-17_09-19-27,P3.2.1833
1334,2021-05-17_09-19-30,P3.2.1834
1335,2021-05-17_09-19-33,P3.2.1835
1336,2021-05-17_09-19-36,P3.2.1836
1337,2021-05-17_09-19-39,P3.2.1837
1338,2021-05-17_09-19-42,P3.2.1838
1339,2021-05-17_09-19-45,P3.2.1839
1340,2021-05-17_09-19-48,P3.2.1840
1341,2021-05-17_09-19-51,P3.2.1841
1342,2021-05-17_09-19-54,P3.2.1842
1343,2021-05-17_09-19-57,P3.2.1843
1344,2021-05-17_09-20-00,P3.2.1844
1345,2021-05-17_09-20-03,P3.2.1845
1346,2021-05-17_09-20-06,P3.2.1846
1347,2021-05-17_09-20-09,P3.2.1847
1348,2021-05-17_09-20-12,P3.2.1848
1349,2021-05-17_09-20-15,P3.2.1849
1350,2021-05-17_09-20-18,P3.2.1850
1351,2021-05-17_09-20-21,P3.2.1851
1352,2021-05-17_09-20-24,P3.2.1852
1353,2021-05-17_09-20-27,P3.2.1853
1354,2021-05-17_09-20-30,P3.2.1854
1355,2021-05-17_09-20-33,P3.2.1855
1356,2021-05-17_09-20-36,P3.2.1856
1357,2021-05-17_09-20-39,P3.2.1857
1358,2021-05-17_09-20-42,P3.2.1858
1359,2021-05-17_09-20-45,P3.2.1859
1360,2021-05-17_09-20-48,P3.2.1860
1361,2021-05-17_09-20-51,P3.2.1861
1362,2021-05-17_09-20-54,P3.2.1862
1363,2021-05-17_09-20-57,P3.2.1863
1364,2021-05-17_09-21-00,P3.2.1864
1365,2021-05-17_09-21-03,P3.2.1865
1366,2021-05-17_09-21-06,P3.2.1866
1367,2021-05-17_09-21-09,P3.2.1867
1368,2021-05-17_09-21-12,P3.2.1868
1369,2021-05-17_09-21-15,P3.2.1869
1370,2021-05-17_09-21-18,P3.2.1870
1371,2021-05-17_09-21-21,P3.2.1871
1372,2021-05-17_09-21-24,P3.2.1872
1373,2021-05-17_09-21-27,P3.2.1873
1374,2021-05-17_09-21-30,P3.2.1874
1375,2021-05-17_09-21-33,P3.2.1875
1376,2021-05-17_09-21-36,P3.2.1876
1377,2021-05-17_09-21-39,P3.2.1877
1378,2021-05-17_09-21-42,P3.2.1878
1379,2021-05-17_09-21-45,P3.2.1879
1380,2021-05-17_09-21-48,P3.2.1880
1381,2021-05-17_09-21-51,P3.2.1881
1382,2021-05-17_09-21-54,P3.2.1882
1383,2021-05-17_09-21-57,P3.2.1883
1384,2021-05-17_09-22-00,P3.2.1884
1385,2021-05-17_09-22-03,P3.2.1885
1386,2021-05-17_09-22-06,P3.2.1886
1387,2021-05-17_09-22-09,P3.2.1887
1388,2021-05-17_09-22-12,P3.2.1888
1389,2021-05-17_09-22-15,P3.2.1889
1390,2021-05-17_09-22-18,P3.2.1890
1391,2021-05-17_09-22-21,P3.2.1891
1392,2021-05-17_09-22-24,P3.2.1892
1393,2021-05-17_09-22-27,P3.2.1893
1394,2021-05-17_09-22-30,P3.2.1894
1395,2021-05-17_09-22-33,P3.2.1895
1396,2021-05-17_09-22-36,P3.2.1896
1397,2021-05-17_09-22-39,P3.2.1897
1398,2021-05-17_09-22-42,P3.2.1898
1399,2021-05-17_09-22-45,P3.2.1899
1400,2021-05-17_09-22-48,P3.2.1900
1401,2021-05-17_09-22-51,P3.2.1901
1402,2021-05-17_09-22-54,P3.2.1902
1403,2021-05-17_09-22-57,P3.2.1903
1404,2021-05-17_09-23-00,P3.2.1904
1405,2021-05-17_09-23-03,P3.2.1905
1406,2021-05-17_09-23-06,P3.2.1906
1407,2021-05-17_09-23-09,P3.2.1907
1408,2021-05-17_09-23-12,P3.2.1908
1409,2021-05-17_09-23-15,P3.2.1909
1410,2021-05-17_09-23-18,P3.2.1910
1411,2021-05-17_09-23-21,P3.2.1911
1412,2021-05-17_09-23-24,P3.2.1912
1413,2021-05-17_09-23-27,P3.2.1913
1414,2021-05-17_09-23-30,P3.2.1914
1415,2021-05-17_09-23-33,P3.2.1915
1416,2021-05-17_09-23-36,P3.2.1916
1417,2021-05-17_09-23-39,P3.2.1917
1418,2021-05-17_09-23-42,P3.2.1918
1419,2021-05-17_09-23-45,P3.2.1919
1420,2021-05-17_09-23-48,P3.2.1920
1421,2021-05-17_09-23-51,P3.2.1921
1422,2021-05-17_09-23-54,P3.2.1922
1423,2021-05-17_09-23-57,P3.2.1923
1424,2021-05-17_09-24-00,P3.2.1924
1425,2021-05-17_09-24-03,P3.2.1925
1426,2021-05-17_09-24-06,P3.2.1926
1427,2021-05-17_09-24-09,P3.2.1927
1428,2021-05-17_09-24-12,P3.2.1928
1429,2021-05-17_09-24-15,P3.2.1929
1430,2021-05-17_09-24-18,P3.2.1930
1431,2021-05-17_09-24-21,P3.2.1931
1432,2021-05-17_09-24-24,P3.2.1932
1433,2021-05-17_09-24-27,P3.2.1933
1434,2021-05-17_09-24-30,P3.2.1934
1435,2021-05-17_09-24-33,P3.2.1935
1436,2021-05-17_09-24-36,P3.2.1936
1437,2021-05-17_09-24-39,P3.2.1937
1438,2021-05-17_09-24-42,P3.2.1938
1439,2021-05-17_09-24-45,P3.2.1939
1440,2021-05-17_09-24-48,P3.2.1940
1441,2021-05-17_09-24-51,P3.2.1941
1442,2021-05-17_09-24-54,P3.2.1942
1443,2021-05-17_09-24-57,P3.2.1943
1444,2021-05-17_09-25-00,P3.2.1944
1445,2021-05-17_09-25-03,P3.2.1945
1446,2021-05-17_09-25-06,P3.2.1946
1447,2021-05-17_09-25-09,P3.2.1947
1448,2021-05-17_09-25-12,P3.2.1948
1449,2021-05-17_09-25-15,P3.2.1949
1450,2021-05-17_09-25-18,P3.2.1950
1451,2021-05-17_09-25-21,P3.2.1951
1452,2021-05-17_09-25-24,P3.2.1952
1453,2021-05-17_09-25-27,P3.2.1953
1454,2021-05-17_09-25-30,P3.2.1954
1455,2021-05-17_09-25-33,P3.2.1955
1456,2021-05-17_09-25-36,P3.2.1956
1457,2021-05-17_09-25-39,P3.2.1957
1458,2021-05-17_09-25-42,P3.2.1958
1459,2021-05-17_09-25-45,P3.2.1959
1460,2021-05-17_09-25-48,P3.2.1960
1461,2021-05-17_09-25-51,P3.2.1961
1462,2021-05-17_09-25-54,P3.2.1962
1463,2021-05-17_09-25-57,P3.2.1963
1464,2021-05-17_09-26-00,P3.2.1964
1465,2021-05-17_09-26-03,P3.2.1965
1466,2021-05-17_09-26-06,P3.2.1966
1467,2021-05-17_09-26-09,P3.2.1967
1468,2021-05-17_09-26-12,P3.2.1968
1469,2021-05-17_09-26-15,P3.2.1969
1470,2021-05-17_09-26-18,P3.2.1970
1471,2021-05-17_09-26-21,P3.2.1971
1472,2021-05-17_09-26-24,P3.2.1972
1473,2021-05-17_09-26-27,P3.2.1973
1474,2021-05-17_09-26-30,P3.2.1974
1475,2021-05-17_09-26-33,P3.2.1975
1476,2021-05-17_09-26-36,P3.2.1976
1477,2021-05-17_09-26-39,P3.2.1977
1478,2021-05-17_09-26-42,P3.2.1978
1479,2021-05-17_09-26-45,P3.2.1979
1480,2021-05-17_09-26-48,P3.2.1980
1481,2021-05-17_09-26-51,P3.2.1981
1482,2021-05-17_09-26-54,P3.2.1982
1483,2021-05-17_09-26-57,P3.2.1983
1484,2021-05-17_09-27-00,P3.2.1984
1485,2021-05-17_09-27-03,P3.2.1985
1486,2021-05-17_09-27-06,P3.2.1986
1487,2021-05-17_09-27-09,P3.2.1987
1488,2021-05-17_09-27-12,P3.2.1988
1489,2021-05-17_09-27-15,P3.2.1989
1490,2021-05-17_09-27-18,P3.2.1990
1491,2021-05-17_09-27-21,P3.2.1991
1492,2021-05-17_09-27-24,P3.2.1992
1493,2021-05-17_09-27-27,P3.2.1993
1494,2021-05-17_09-27-30,P3.2.1994
1495,2021-05-17_09-27-33,P3.2.1995
1496,2021-05-17_09-27-36,P3.2.1996
1497,2021-05-17_09-27-39,P3.2.1997
1498,2021-05-17_09-27-42,P3.2.1998
1499,2021-05-17_09-27-45,P3.2.1999
1500,2021-05-17_09-27-48,P3.2.2000
1501,2021-05-17_09-27-51,P3.2.2001
1502,2021-05-17_09-27-54,P3.2.2002
1503,2021-05-17_09-27-57,P3.2.2003
1504,2021-05-17_09-28-00,P3.2.2004
1505,2021-05-17_09-28-03,P3.2.2005
1506,2021-05-17_09-28-06,P3.2.2006
1507,2021-05-17_09-28-09,P3.2.2007
1508,2021-05-17_09-28-12,P3.2.2008
1509,2021-05-17_09-28-15,P3.2.2009
1510,2021-05-17_09-28-18,P3.2.2010
1511,2021-05-17_09-28-21,P3.2.2011
1512,2021-05-17_09-28-24,P3.2.2012
1513,2021-05-17_09-28-27,P3.2.2013
1514,2021-05-17_09-28-30,P3.2.2014
1515,2021-05-17_09-28-33,P3.2.2015
1516,2021-05-17_09-28-36,P3.2.2016
1517,2021-05-17_09-28-39,P3.2.2017
1518,2021-05-17_09-28-42,P3.2.2018
1519,2021-05-17_09-28-45,P3.2.2019
1520,2021-05-17_09-28-48,P3.2.2020
1521,2021-05-17_09-28-51,P3.2.2021
1522,2021-05-17_09-28-54,P3.2.2022
1523,2021-05-17_09-28-57,P3.2.2023
1524,2021-05-17_09-29-00,P3.2.2024
1525,2021-05-17_09-29-03,P3.2.2025
1526,2021-05-17_09-29-06,P3.2.2026
1527,2021-05-17_09-29-09,P3.2.2027
1528,2021-05-17_09-29-12,P3.2.2028
1529,2021-05-17_09-29-15,P3.2.2029
1530,2021-05-17_09-29-18,P3.2.2030
1531,2021-05-17_09-29-21,P3.2.2031
1532,2021-05-17_09-29-24,P3.2.2032
1533,2021-05-17_09-29-27,P3.2.2033
1534,2021-05-17_09-29-30,P3.2.2034
1535,2021-05-17_09-29-33,P3.2.2035
1536,2021-05-17_09-29-36,P3.2.2036
1537,2021-05-17_09-29-39,P3.2.2037
1538,2021-05-17_09-29-42,P3.2.2038
1539,2021-05-17_09-29-45,P3.2.2039
1540,2021-05-17_09-29-48,P3.2.2040
1541,2021-05-17_09-29-51,P3.2.2041
1542,2021-05-17_09-29-54,P3.2.2042
1543,2021-05-17_09-29-57,P3.2.2043
1544,2021-05-17_09-30-00,P3.2.2044
1545,2021-05-17_09-30-03,P3.2.2045
1546,2021-05-17_09-30-06,P3.2.2046
1547,2021-05-17_09-30-09,P3.2.2047
1548,2021-05-17_09-30-12,P3.2.2048
1549,2021-05-17_09-30-15,P3.2.2049
1550,2021-05-17_09-30-18,P3.2.2050
1551,2021-05-17_09-30-21,P3.2.2051
1552,2021-05-17_09-30-24,P3.2.2052
1553,2021-05-17_09-30-27,P3.2.2053
1554,2021-05-17_09-30-30,P3.2.2054
1555,2021-05-17_09-30-33,P3.2.2055
1556,2021-05-17_09-30-36,P3.2.2056
1557,2021-05-17_09-30-39,P3.2.2057
1558,2021-05-17_09-30-42,P3.2.2058
1559,2021-05-17_09-30-45,P3.2.2059
1560,2021-05-17_09-30-48,P3.2.2060
1561,2021-05-17_09-30-51,P3.2.2061
1562,2021-05-17_09-30-54,P3.2.2062
1563,2021-05-17_09-30-57,P3.2.2063
1564,2021-05-17_09-31-00,P3.2.2064
1565,2021-05-17_09-31-03,P3.2.2065
1566,2021-05-17_09-31-06,P3.2.2066
1567,2021-05-17_09-31-09,P3.2.2067
1568,2021-05-17_09-31-12,P3.2.2068
1569,2021-05-17_09-31-15,P3.2.2069
1570,2021-05-17_09-31-18,P3.2.2070
1571,2021-05-17_09-31-21,P3.2.2071
1572,2021-05-17_09-31-24,P3.2.2072
1573,2021-05-17_09-31-27,P3.2.2073
1574,2021-05-17_09-31-30,P3.2.2074
1575,2021-05-17_09-31-33,P3.2.2075
1576,2021-05-17_09-31-36,P3.2.2076
1577,2021-05-17_09-31-39,P3.2.2077
1578,2021-05-17_09-31-42,P3.2.2078
1579,2021-05-17_09-31-45,P3.2.2079
1580,2021-05-17_09-31-48,P3.2.2080
1581,2021-05-17_09-31-51,P3.2.2081
1582,2021-05-17_09-31-54,P3.2.2082
1583,2021-05-17_09-31-57,P3.2.2083
1584,2021-05-17_09-32-00,P3.2.2084
1585,2021-05-17_09-32-03,P3.2.2085
1586,2021-05-17_09-32-06,P3.2.2086
1587,2021-05-17_09-32-09,P3.2.2087
1588,2021-05-17_09-32-12,P3.2.2088
1589,2021-05-17_09-32-15,P3.2.2089
1590,2021-05-17_09-32-18,P3.2.2090
1591,2021-05-17_09-32-21,P3.2.2091
1592,2021-05-17_09-32-24,P3.2.2092
1593,2021-05-17_09-32-27,P3.2.2093
1594,2021-05-17_09-32-30,P3.2.2094
1595,2021-05-17_09-32-33,P3.2.2095
1596,2021-05-17_09-32-36,P3.2.2096
1597,2021-05-17_09-32-39,P3.2.2097
1598,2021-05-17_09-32-42,P3.2.2098
1599,2021-05-17_09-32-45,P3.2.2099
1600,2021-05-17_09-32-48,P3.2.2100
1601,2021-05-17_09-32-51,P3.2.2101
1602,2021-05-17_09-32-54,P3.2.2102
1603,2021-05-17_09-32-57,P3.2.2103
1604,2021-05-17_09-33-00,P3.2.2104
1605,2021-05-17_09-33-03,P3.2.2105
1606,2021-05-17_09-33-06,P3.2.2106
1607,2021-05-17_09-33-09,P3.2.2107
1608,2021-05-17_09-33-12,P3.2.2108
1609,2021-05-17_09-33-15,P3.2.2109
1610,2021-05-17_09-33-18,P3.2.2110
1611,2021-05-17_09-33-21,P3.2.2111
1612,2021-05-17_09-33-24,P3.2.2112
1613,2021-05-17_09-33-27,P3.2.2113
1614,2021-05-17_09-33-30,P3.2.2114
1615,2021-05-17_09-33-33,P3.2.2115
1616,2021-05-17_09-33-36,P3.2.2116
1617,2021-05-17_09-33-39,P3.2.2117
1618,2021-05-17_09-33-42,P3.2.2118
1619,2021-05-17_09-33-45,P3.2.2119
1620,2021-05-17_09-33-48,P3.2.2120
1621,2021-05-17_09-33-51,P3.2.2121
1622,2021-05-17_09-33-54,P3.2.2122
1623,2021-05-17_09-33-57,P3.2.2123
1624,2021-05-17_09-34-00,P3.2.2124
1625,2021-05-17_09-34-03,P3.2.2125
1626,2021-05-17_09-34-06,P3.2.2126
1627,2021-05-17_09-34-09,P3.2.2127
1628,2021-05-17_09-34-12,P3.2.2128
1629,2021-05-17_09-34-15,P3.2.2129
1630,2021-05-17_09-34-18,P3.2.2130
1631,2021-05-17_09-34-21,P3.2.2131
1632,2021-05-17_09-34-24,P3.2.2132
1633,2021-05-17_09-34-27,P3.2.2133
1634,2021-05-17_09-34-30,P3.2.2134
1635,2021-05-17_09-34-33,P3.2.2135
1636,2021-05-17_09-34-36,P3.2.2136
1637,2021-05-17_09-34-39,P3.2.2137
1638,2021-05-17_09-34-42,P3.2.2138
1639,2021-05-17_09-34-45,P3.2.2139
1640,2021-05-17_09-34-48,P3.2.2140
1641,2021-05-17_09-34-51,P3.2.2141
1642,2021-05-17_09-34-54,P3.2.2142
1643,2021-05-17_09-34-57,P3.2.2143
1644,2021-05-17_09-35-00,P3.2.2144
1645,2021-05-17_09-35-03,P3.2.2145
1646,2021-05-17_09-35-06,P3.2.2146
1647,2021-05-17_09-35-09,P3.2.2147
1648,2021-05-17_09-35-12,P3.2.2148
1649,2021-05-17_09-35-15,P3.2.2149
1650,2021-05-17_09-35-18,P3.2.2150
1651,2021-05-17_09-35-21,P3.2.2151
1652,2021-05-17_09-35-24,P3.2.2152
1653,2021-05-17_09-35-27,P3.2.2153
1654,2021-05-17_09-35-30,P3.2.2154
1655,2021-05-17_09-35-33,P3.2.2155
